neighborhood,cd,construction_jobs,manufacturing_jobs,wholesale_jobs,pop_black,pop_hispanic,pop_asian,food_services,total_businesses,median_household_income,commute_public_transit,pct_bachelors_plus,borough,total_jobs,total_population_proxy,nfh_median_income,nfh_poverty_rate,nfh_pct_white,nfh_pct_black,nfh_pct_asian,nfh_pct_hispanic,nfh_goal1_fin_services_score,nfh_goal2_goods_services_score,nfh_goal3_jobs_income_score,nfh_goal4_fin_shocks_score,nfh_goal5_build_assets_score,nfh_overall_score,nfh_goal1_fin_services_rank,nfh_goal2_goods_services_rank,nfh_goal3_jobs_income_rank,nfh_goal4_fin_shocks_rank,nfh_goal5_build_assets_rank,nfh_overall_rank
"Hunts Point, Longwood & Melrose",BX01 & BX02,211.0,147.0,355.0,45470.0,110055.0,1447.0,304.0,3536.0,23131.0,67.01324901553801,10.0,BRONX,713.0,156972.0,15510,0.293,0.016,0.282,0.008,0.682,0.296402698,3.005490318,0.0,3.384573689,2.865710089,0.669154368,49,39,55,33,48,51
"Belmont, Crotona Park East & East Tremont",BX03 & BX06,68.0,17.0,39.0,51541.0,109141.0,1324.0,112.0,1271.0,23710.0,62.15027426087556,12.0,BRONX,124.0,162006.0,14213,0.308,0.045,0.301,0.008,0.635,0.046128128,1.765045746,0.501338374,1.286041906,2.144953355,0.0,53,52,52,47,51,55
"Concourse, Highbridge & Mount Eden",BX04,31.0,6.0,10.0,43801.0,90360.0,2429.0,83.0,786.0,27102.0,67.29935648952625,15.0,BRONX,47.0,136590.0,16710,0.323,0.017,0.308,0.017,0.641,0.272740537,3.712555474,0.452719533,0.839734266,2.512425243,0.330753432,50,33,53,51,50,54
"Morris Heights, Fordham South & Mount Hope",BX05,68.0,19.0,56.0,37473.0,94206.0,1908.0,144.0,1585.0,24436.0,65.35902331771105,14.0,BRONX,143.0,133587.0,15628,0.344,0.013,0.274,0.015,0.688,3.125508772,0.544872894,1.365477184,0.0,1.538734934,0.410660341,26,54,50,55,54,53
"Bedford Park, Fordham North & Norwood",BX07,155.0,28.0,44.0,19946.0,90547.0,7995.0,333.0,3069.0,32732.0,67.63367038543338,16.0,BRONX,227.0,118488.0,18674,0.264,0.066,0.154,0.061,0.696,0.737827981,2.297732958,2.433739036,2.205196375,1.800646458,0.985036098,47,48,37,41,53,50
"Riverdale, Fieldston & Kingsbridge",BX08,71.0,7.0,29.0,13643.0,52398.0,5882.0,153.0,1575.0,58409.0,56.06795606795607,39.0,BRONX,107.0,71923.0,30437,0.152,0.324,0.124,0.052,0.477,1.919035719,4.585010881,3.970855777,7.4913156,5.184720365,3.960089745,40,19,20,10,29,18
"Castle Hill, Clason Point & Parkchester",BX09,141.0,20.0,68.0,55079.0,110649.0,13570.0,233.0,2093.0,36440.0,59.929453262786595,14.0,BRONX,229.0,179298.0,20300,0.264,0.028,0.288,0.071,0.584,1.077984493,3.899310741,1.040062293,2.879896259,3.696704143,1.422523912,44,29,51,36,42,47
"Co-op City, Pelham Bay & Schuylerville",BX10,236.0,36.0,81.0,34752.0,45500.0,3577.0,260.0,2411.0,56627.0,43.94667493411874,25.0,BRONX,353.0,83829.0,31573,0.14,0.293,0.285,0.03,0.371,3.440500048,4.703062631,3.993143129,6.827386299,6.575279816,4.525947159,22,18,19,13,15,13
"Pelham Parkway, Morris Park & Laconia",BX11,87.0,11.0,15.0,28076.0,60838.0,9779.0,61.0,689.0,47655.0,51.825783331801894,22.0,BRONX,113.0,98693.0,25358,0.205,0.218,0.215,0.076,0.47,2.329568091,3.99776457,2.276156352,2.476304992,4.240034444,2.180630429,33,24,41,37,37,40
"Wakefield, Williamsbridge & Woodlawn",BX12,143.0,30.0,21.0,95164.0,32714.0,3812.0,102.0,984.0,47168.0,49.82769270782535,23.0,BRONX,194.0,131690.0,26136,0.232,0.069,0.655,0.026,0.226,1.706672153,3.126583461,3.535724348,1.049708111,4.637372866,2.127159355,42,37,25,49,34,41
Greenpoint & Williamsburg,BK01,508.0,267.0,440.0,6649.0,36720.0,11353.0,673.0,5556.0,59577.0,63.42524494527686,47.0,BROOKLYN,1215.0,54722.0,35889,0.173,0.631,0.042,0.073,0.233,3.320402789,5.179880069,4.385767849,6.613577647,3.961994477,4.052349182,24,16,14,14,39,17
Brooklyn Heights & Fort Greene,BK02,227.0,183.0,289.0,35614.0,21538.0,12722.0,646.0,6076.0,82127.0,68.37516846361186,60.0,BROOKLYN,699.0,69874.0,44313,0.121,0.447,0.261,0.092,0.158,3.856805712,3.232936999,6.44439353,9.729586048,5.691804701,5.583937505,19,35,6,4,24,9
Bedford-Stuyvesant,BK03,65.0,19.0,32.0,75618.0,26792.0,4830.0,219.0,1512.0,40537.0,65.55998008959682,29.0,BROOKLYN,116.0,107240.0,24627,0.226,0.231,0.53,0.032,0.188,2.537663414,2.937001391,2.601014925,4.516794963,4.537172811,2.650783399,32,40,36,26,36,35
Bushwick,BK04,154.0,163.0,278.0,24780.0,82261.0,6499.0,310.0,2486.0,42197.0,69.82930037627337,25.0,BROOKLYN,595.0,113540.0,22264,0.251,0.148,0.183,0.048,0.605,2.925479835,2.302937307,2.235093517,0.88836403,1.898912557,1.183496133,29,47,42,50,52,49
East New York & Starrett City,BK05,135.0,72.0,145.0,81157.0,57794.0,7060.0,221.0,2065.0,36385.0,64.17550225536377,14.0,BROOKLYN,352.0,146011.0,22796,0.298,0.038,0.522,0.045,0.371,2.270682155,3.908765039,2.103154331,2.410916541,3.894222789,2.002814118,35,27,45,39,40,43
"Park Slope, Carroll Gardens & Red Hook",BK06,264.0,133.0,163.0,7933.0,20395.0,7306.0,461.0,3504.0,104652.0,66.69263791496708,71.0,BROOKLYN,560.0,35634.0,57393,0.095,0.646,0.068,0.064,0.175,4.50545082,6.629636428,7.20065462,9.459732636,7.186998133,6.797665734,9,11,4,7,11,6
Sunset Park & Windsor Terrace,BK07,353.0,253.0,542.0,3840.0,62339.0,49164.0,424.0,3994.0,48232.0,62.85869674113724,27.0,BROOKLYN,1148.0,115343.0,20787,0.294,0.223,0.026,0.324,0.412,2.312304195,3.307364481,2.170550249,2.136147505,4.802942182,2.098303992,34,34,44,43,31,42
Crown Heights North & Prospect Heights,BK08,71.0,37.0,63.0,75704.0,15506.0,4509.0,291.0,2053.0,45503.0,69.62384669978708,38.0,BROOKLYN,171.0,95719.0,29895,0.214,0.213,0.593,0.037,0.122,0.0,1.482363408,3.955710823,4.212970636,4.551775555,2.233945623,55,53,21,29,35,39
"Crown Heights South, Prospect Lefferts & Wingate",BK09,29.0,13.0,14.0,73991.0,10702.0,1996.0,78.0,771.0,44329.0,67.77943244808472,29.0,BROOKLYN,56.0,86689.0,26140,0.221,0.198,0.663,0.018,0.096,1.256320872,5.003916398,2.71796189,3.783192789,3.766236934,2.385528041,43,17,35,31,41,37
Bay Ridge & Dyker Heights,BK10,276.0,32.0,124.0,2012.0,19288.0,30042.0,304.0,2920.0,60863.0,52.31385164076295,40.0,BROOKLYN,432.0,51342.0,30858,0.19,0.573,0.015,0.24,0.154,4.488325238,3.918961695,3.305963139,7.017550359,5.61676221,4.235343126,10,26,29,11,26,15
Bensonhurst & Bath Beach,BK11,628.0,162.0,466.0,1637.0,27200.0,73858.0,459.0,6457.0,51165.0,59.5666261156547,29.0,BROOKLYN,1256.0,102695.0,23329,0.23,0.442,0.009,0.391,0.144,1.934661739,3.158381857,2.284918865,4.691388121,5.734567795,2.753829497,39,36,40,24,23,33
"Borough Park, Kensington & Ocean Parkway",BK12,515.0,171.0,414.0,4002.0,18102.0,22821.0,241.0,4917.0,42864.0,43.864175869542784,28.0,BROOKLYN,1100.0,44925.0,21103,0.283,0.707,0.023,0.14,0.109,4.010612735,6.006805696,1.661410176,3.16913343,6.679622235,3.377282145,18,13,49,35,14,26
Brighton Beach & Coney Island,BK13,60.0,13.0,40.0,11850.0,16397.0,16547.0,55.0,735.0,34979.0,52.00605232331121,36.0,BROOKLYN,113.0,44794.0,19345,0.24,0.575,0.106,0.145,0.15,2.979447799,2.785308465,2.090732369,5.783679059,4.822046989,2.88002545,28,43,46,20,30,29
Flatbush & Midwood,BK14,294.0,69.0,206.0,52055.0,24455.0,17290.0,308.0,4605.0,48169.0,60.63873425139174,36.0,BROOKLYN,569.0,93800.0,25708,0.221,0.396,0.32,0.105,0.151,2.085338923,3.899849146,3.583589407,5.800719872,5.797313853,3.568859498,36,28,23,19,22,25
"Sheepshead Bay, Gerritsen Beach & Homecrest",BK15,344.0,66.0,240.0,5594.0,13760.0,24408.0,295.0,4893.0,54475.0,48.581735757498365,40.0,BROOKLYN,650.0,43762.0,29307,0.194,0.691,0.038,0.159,0.091,4.423866077,3.813166308,4.059021282,6.048824082,6.521919549,4.469707603,13,32,18,16,16,14
Brownsville & Ocean Hill,BK16,55.0,18.0,27.0,91864.0,25850.0,1721.0,146.0,1289.0,28315.0,68.3723346478075,14.0,BROOKLYN,100.0,119435.0,19274,0.282,0.021,0.742,0.015,0.211,0.146822672,2.883068302,0.175593681,2.245613272,3.591635552,0.614496873,52,41,54,40,43,52
"East Flatbush, Farragut & Rugby",BK17,50.0,20.0,44.0,121091.0,10216.0,1796.0,85.0,895.0,48094.0,63.98081455173101,22.0,BROOKLYN,114.0,133103.0,27248,0.19,0.022,0.873,0.014,0.074,0.481582044,5.432465612,3.529226995,1.524973214,5.454276373,2.480958434,48,14,26,45,28,36
Canarsie & Flatlands,BK18,278.0,63.0,142.0,131897.0,16796.0,9077.0,216.0,2808.0,68145.0,47.585761909882784,30.0,BROOKLYN,483.0,157770.0,32210,0.15,0.23,0.63,0.044,0.08,1.997908021,4.453672154,4.458754431,2.459296834,8.452839203,3.870718921,38,21,13,38,8,20
"Battery Park City, Greenwich Village & Soho",MN01 & MN02,303.0,262.0,727.0,3518.0,10877.0,24407.0,1844.0,18626.0,124389.0,52.693473342724204,83.0,MANHATTAN,1292.0,38802.0,79181,0.088,0.716,0.022,0.159,0.07,7.914247985,10.0,10.0,9.72256636,5.626511329,8.717695703,3,1,1,5,25,2
Chinatown & Lower East Side,MN03,194.0,116.0,325.0,12538.0,40010.0,49433.0,1416.0,8573.0,42223.0,55.308868745757295,43.0,MANHATTAN,635.0,101981.0,25667,0.18,0.331,0.079,0.311,0.249,4.480953055,9.212290273,2.230561839,8.447075588,0.0,3.672505844,11,4,43,8,55,24
"Chelsea, Clinton & Midtown Business District",MN04 & MN05,675.0,1082.0,5029.0,8107.0,21717.0,24230.0,2146.0,32137.0,100097.0,46.74712309417972,75.0,MANHATTAN,6786.0,54054.0,65905,0.108,0.609,0.054,0.162,0.146,10.0,9.888136849,9.240777022,10.0,10.0,10.0,1,2,2,1,1,1
"Murray Hill, Gramercy & Stuyvesant Town",MN06,385.0,203.0,1346.0,4353.0,12815.0,24098.0,1318.0,22156.0,106171.0,45.64459930313589,80.0,MANHATTAN,1934.0,41266.0,73067,0.1,0.694,0.032,0.158,0.087,5.970048643,7.427073806,8.787773771,9.997055176,9.236693429,8.366080442,5,9,3,2,4,3
Upper West Side & West Side,MN07,100.0,39.0,132.0,11188.0,27881.0,17822.0,565.0,6406.0,104638.0,67.4601615153361,75.0,MANHATTAN,271.0,56891.0,65844,0.09,0.677,0.06,0.092,0.144,4.942896105,7.592773855,5.895307704,9.81633061,6.909261698,6.620934928,8,7,7,3,12,7
Upper East Side,MN08,129.0,55.0,229.0,6215.0,19962.0,21901.0,698.0,8896.0,109111.0,56.68946806838766,80.0,MANHATTAN,413.0,48078.0,71933,0.073,0.761,0.028,0.093,0.09,6.287827099,8.44196172,6.628083617,9.575789085,5.804530594,6.999344814,4,6,5,6,21,4
"Hamilton Heights, Manhattanville & West Harlem",MN09,67.0,11.0,25.0,27583.0,49179.0,10550.0,224.0,1962.0,45765.0,68.09494764664024,46.0,MANHATTAN,103.0,87312.0,24561,0.235,0.286,0.215,0.083,0.379,0.173236124,2.489594462,2.804228667,4.600478436,3.473908893,1.874593734,51,45,33,25,44,44
Central Harlem,MN10,38.0,11.0,9.0,78162.0,32136.0,4440.0,161.0,1270.0,40816.0,74.054494372683,35.0,MANHATTAN,58.0,114738.0,26075,0.211,0.131,0.571,0.032,0.236,2.01629287,4.020708792,2.733092588,5.572345952,3.242535414,2.651484408,37,23,34,21,47,34
East Harlem,MN11,73.0,20.0,25.0,36283.0,55468.0,9618.0,240.0,1721.0,31628.0,70.02541984414718,32.0,MANHATTAN,118.0,101369.0,19510,0.231,0.152,0.298,0.075,0.452,0.948343111,2.83327456,2.81935982,6.461446952,2.84090488,2.336565755,46,42,32,15,49,38
"Washington Heights, Inwood & Marble Hill",MN12,60.0,22.0,48.0,16969.0,153399.0,5864.0,334.0,3049.0,43307.0,65.02299711199059,32.0,MANHATTAN,130.0,176232.0,20421,0.199,0.178,0.078,0.027,0.701,0.03203416,0.0,2.033092328,4.741060441,3.373796809,1.209792505,54,55,47,23,46,48
Astoria & Long Island City,QN01,665.0,96.0,193.0,11042.0,46914.0,27301.0,537.0,4187.0,56201.0,67.42496150519943,44.0,QUEENS,954.0,85257.0,31658,0.183,0.478,0.063,0.159,0.272,4.199391307,7.443763502,4.901631079,6.855971164,4.646814747,4.980345913,14,8,10,12,33,12
Sunnyside & Woodside,QN02,701.0,390.0,536.0,1959.0,46126.0,48756.0,520.0,5479.0,60154.0,68.97549469988893,38.0,QUEENS,1627.0,96841.0,31245,0.204,0.281,0.013,0.352,0.332,4.02865576,3.066736923,3.644232652,4.7716885,3.466084174,3.162262769,17,38,22,22,45,28
Jackson Heights and East Elmhurst,QN03,245.0,37.0,73.0,8778.0,120456.0,31236.0,326.0,2567.0,51083.0,63.94609712687516,20.0,QUEENS,355.0,160470.0,22853,0.254,0.1,0.048,0.169,0.667,1.795952203,2.27420521,2.383733932,1.195232628,4.75548289,1.692096997,41,49,38,48,32,45
Elmhurst and Corona,QN04,291.0,82.0,142.0,11135.0,72194.0,47214.0,391.0,3174.0,44865.0,66.00045630846452,22.0,QUEENS,515.0,130543.0,21889,0.271,0.063,0.079,0.332,0.507,3.012712713,2.492034122,1.980666462,0.207749269,4.132507215,1.530314558,27,44,48,53,38,46
"Ridgewood, Glendale & Middle Village",QN05,910.0,182.0,412.0,2672.0,62350.0,14652.0,338.0,4033.0,62873.0,52.70092541667663,25.0,QUEENS,1504.0,79674.0,31420,0.186,0.531,0.015,0.084,0.358,4.116461156,4.116770743,3.565295625,4.390752331,6.142149413,3.861993083,15,22,24,27,18,21
Forest Hills & Rego Park,QN06,132.0,26.0,155.0,3331.0,18004.0,31135.0,268.0,3338.0,67596.0,58.66880483668805,55.0,QUEENS,313.0,52470.0,41029,0.163,0.512,0.029,0.272,0.157,5.261073917,8.823640768,5.390182491,8.077411194,5.833415227,6.1181795,7,5,8,9,20,8
"Flushing, Murray Hill & Whitestone",QN07,1034.0,186.0,838.0,5652.0,43960.0,129327.0,886.0,9457.0,52722.0,36.32597182692654,27.0,QUEENS,2058.0,178939.0,25517,0.252,0.256,0.021,0.521,0.176,5.913333797,6.090087296,2.359625512,2.153470806,6.220997544,3.75008876,6,12,39,42,17,22
"Briarwood, Fresh Meadows & Hillcrest",QN08,268.0,31.0,186.0,18593.0,30242.0,54847.0,309.0,3336.0,62679.0,45.79039607430774,41.0,QUEENS,485.0,103682.0,30239,0.22,0.316,0.114,0.339,0.186,4.427404874,2.224866091,4.097157046,4.291639466,6.730133965,3.936159831,12,50,17,28,13,19
Richmond Hill & Woodhaven,QN09,275.0,49.0,93.0,9132.0,64747.0,41175.0,204.0,2239.0,62333.0,52.65452608262887,26.0,QUEENS,417.0,115054.0,26357,0.219,0.179,0.058,0.263,0.418,2.731795117,4.576268937,3.097412331,1.768630199,5.910813717,2.879953504,31,20,31,44,19,30
Howard Beach & Ozone Park,QN10,363.0,33.0,92.0,20832.0,35233.0,29287.0,244.0,2537.0,65373.0,42.93575884254874,21.0,QUEENS,488.0,85352.0,27016,0.189,0.216,0.151,0.21,0.257,3.203020295,3.868696716,3.41856557,0.008937763,8.516752016,3.238733698,25,30,28,54,7,27
"Bayside, Douglaston & Little Neck",QN11,258.0,25.0,186.0,2036.0,14145.0,51250.0,232.0,2488.0,78520.0,30.856459676835012,44.0,QUEENS,469.0,67431.0,37432,0.135,0.413,0.018,0.427,0.118,9.050976215,7.045904251,4.620964496,5.809358735,9.93725964,6.962413375,2,10,11,18,2,5
"Jamaica, Hollis & St. Albans",QN12,270.0,67.0,159.0,148776.0,40599.0,27856.0,261.0,3099.0,55203.0,48.51943910331567,21.0,QUEENS,496.0,217231.0,25946,0.204,0.017,0.621,0.116,0.169,2.790191947,2.435208605,3.490816899,0.452454504,7.579895169,2.819074656,30,46,27,52,10,31
"Queens Village, Cambria Heights & Rosedale",QN13,273.0,26.0,67.0,112853.0,23572.0,30312.0,204.0,2419.0,78303.0,35.167968665934964,28.0,QUEENS,366.0,166737.0,32961,0.132,0.117,0.561,0.15,0.117,3.344013434,1.928324023,4.255353532,1.351371936,9.21333981,3.680972235,23,51,16,46,5,23
"Far Rockaway, Breezy Point & Broad Channel",QN14,82.0,9.0,40.0,43236.0,28665.0,4883.0,122.0,1156.0,49451.0,37.43235183671666,27.0,QUEENS,131.0,76784.0,25920,0.179,0.35,0.353,0.039,0.235,1.008637724,3.819804748,3.272489673,4.013446129,5.500524086,2.778861856,45,31,30,30,27,32
"Port Richmond, Stapleton & Mariners Harbor",SI01,351.0,56.0,100.0,37635.0,50711.0,12704.0,255.0,2736.0,60746.0,36.9888021619446,29.0,STATEN ISLAND,507.0,101050.0,31347,0.212,0.381,0.221,0.075,0.293,3.758084346,3.971682377,4.288928488,3.207942293,7.757604058,4.1347834,20,25,15,34,9,16
New Springville & South Beach,SI02,484.0,47.0,170.0,5121.0,18436.0,16952.0,325.0,3997.0,74942.0,29.010676406546324,31.0,STATEN ISLAND,701.0,40509.0,35413,0.144,0.683,0.037,0.125,0.136,4.08093547,9.69241463,4.58739355,3.498205735,8.820003297,5.489993157,16,3,12,32,6,11
"Tottenville, Great Kills & Annadale",SI03,409.0,32.0,106.0,1461.0,16082.0,7805.0,211.0,2485.0,86978.0,23.69240608403081,32.0,STATEN ISLAND,547.0,25348.0,40637,0.114,0.836,0.009,0.047,0.097,3.757060221,5.358250344,4.943597361,5.862159382,9.687718566,5.54297091,21,15,9,17,3,10
